campaign_id,campaign_date,month,branch_id,source,campaign_type,campaign_name,ad_spend
CMP0000001,2025-07-02,2025-07-01,BR002,Instagram Ads,Digital,Instagram Ads - Jul-2025 - 07,4965000
CMP0000002,2025-07-18,2025-07-01,BR002,Facebook Ads,Digital,Facebook Ads - Jul-2025 - 09,10400000
CMP0000003,2025-07-18,2025-07-01,BR001,Facebook Ads,Digital,Facebook Ads - Jul-2025 - 09,12255000
CMP0000004,2025-07-03,2025-07-01,BR006,Instagram Ads,Digital,Instagram Ads - Jul-2025 - 04,9470000
CMP0000005,2025-07-24,2025-07-01,BR001,Telemarketing,Outbound,Telemarketing - Jul-2025 - 08,4905000
CMP0000006,2025-07-16,2025-07-01,BR001,Instagram Ads,Digital,Instagram Ads - Jul-2025 - 07,8820000
CMP0000007,2025-07-08,2025-07-01,BR007,Facebook Ads,Digital,Facebook Ads - Jul-2025 - 04,14375000
CMP0000008,2025-07-16,2025-07-01,BR005,Walk-in,Organic/Branch,Walk-in - Jul-2025 - 01,610000
CMP0000009,2025-07-26,2025-07-01,BR002,Facebook Ads,Digital,Facebook Ads - Jul-2025 - 03,9825000
CMP0000010,2025-07-28,2025-07-01,BR003,Facebook Ads,Digital,Facebook Ads - Jul-2025 - 02,14660000
CMP0000011,2025-07-24,2025-07-01,BR006,WhatsApp,Digital,WhatsApp - Jul-2025 - 06,5320000
CMP0000012,2025-07-03,2025-07-01,BR003,Walk-in,Organic/Branch,Walk-in - Jul-2025 - 06,645000
CMP0000013,2025-07-06,2025-07-01,BR003,Referral,Organic/Referral,Referral - Jul-2025 - 09,1270000
CMP0000014,2025-07-03,2025-07-01,BR003,Facebook Ads,Digital,Facebook Ads - Jul-2025 - 05,7230000
CMP0000015,2025-07-10,2025-07-01,BR005,Facebook Ads,Digital,Facebook Ads - Jul-2025 - 02,9425000
CMP0000016,2025-07-28,2025-07-01,BR006,Instagram Ads,Digital,Instagram Ads - Jul-2025 - 09,5605000
CMP0000017,2025-07-18,2025-07-01,BR003,Telemarketing,Outbound,Telemarketing - Jul-2025 - 05,3865000
CMP0000018,2025-07-17,2025-07-01,BR002,WhatsApp,Digital,WhatsApp - Jul-2025 - 02,5980000
CMP0000019,2025-07-22,2025-07-01,BR005,WhatsApp,Digital,WhatsApp - Jul-2025 - 04,4475000
CMP0000020,2025-07-08,2025-07-01,BR003,Telemarketing,Outbound,Telemarketing - Jul-2025 - 07,5260000
CMP0000021,2025-07-11,2025-07-01,BR003,Facebook Ads,Digital,Facebook Ads - Jul-2025 - 05,11750000
CMP0000022,2025-07-25,2025-07-01,BR001,Walk-in,Organic/Branch,Walk-in - Jul-2025 - 04,1050000
CMP0000023,2025-07-03,2025-07-01,BR006,Facebook Ads,Digital,Facebook Ads - Jul-2025 - 01,10260000
CMP0000024,2025-07-27,2025-07-01,BR006,WhatsApp,Digital,WhatsApp - Jul-2025 - 02,3015000
CMP0000025,2025-07-20,2025-07-01,BR007,Instagram Ads,Digital,Instagram Ads - Jul-2025 - 07,10850000
CMP0000026,2025-07-13,2025-07-01,BR002,WhatsApp,Digital,WhatsApp - Jul-2025 - 01,3505000
CMP0000027,2025-07-12,2025-07-01,BR006,Telemarketing,Outbound,Telemarketing - Jul-2025 - 01,3950000
CMP0000028,2025-07-23,2025-07-01,BR006,Telemarketing,Outbound,Telemarketing - Jul-2025 - 03,2255000
CMP0000029,2025-07-02,2025-07-01,BR007,Instagram Ads,Digital,Instagram Ads - Jul-2025 - 05,7295000
CMP0000030,2025-07-02,2025-07-01,BR004,Referral,Organic/Referral,Referral - Jul-2025 - 06,1940000
CMP0000031,2025-07-15,2025-07-01,BR006,Instagram Ads,Digital,Instagram Ads - Jul-2025 - 04,11245000
CMP0000032,2025-07-05,2025-07-01,BR006,WhatsApp,Digital,WhatsApp - Jul-2025 - 03,5195000
CMP0000033,2025-07-27,2025-07-01,BR004,Referral,Organic/Referral,Referral - Jul-2025 - 07,1955000
CMP0000034,2025-07-17,2025-07-01,BR003,Facebook Ads,Digital,Facebook Ads - Jul-2025 - 06,9015000
CMP0000035,2025-07-12,2025-07-01,BR003,Facebook Ads,Digital,Facebook Ads - Jul-2025 - 09,8755000
CMP0000036,2025-07-14,2025-07-01,BR004,Facebook Ads,Digital,Facebook Ads - Jul-2025 - 04,12350000
CMP0000037,2025-07-21,2025-07-01,BR002,Event,Offline/Event,Event - Jul-2025 - 03,6060000
CMP0000038,2025-07-20,2025-07-01,BR001,Referral,Organic/Referral,Referral - Jul-2025 - 05,2680000
CMP0000039,2025-07-16,2025-07-01,BR002,Facebook Ads,Digital,Facebook Ads - Jul-2025 - 05,11190000
CMP0000040,2025-07-01,2025-07-01,BR002,Referral,Organic/Referral,Referral - Jul-2025 - 03,1480000
CMP0000041,2025-07-01,2025-07-01,BR003,WhatsApp,Digital,WhatsApp - Jul-2025 - 04,5460000
CMP0000042,2025-07-12,2025-07-01,BR006,Facebook Ads,Digital,Facebook Ads - Jul-2025 - 04,11850000
CMP0000043,2025-07-15,2025-07-01,BR007,Facebook Ads,Digital,Facebook Ads - Jul-2025 - 02,14255000
CMP0000044,2025-07-15,2025-07-01,BR001,Facebook Ads,Digital,Facebook Ads - Jul-2025 - 07,12040000
CMP0000045,2025-07-05,2025-07-01,BR006,Event,Offline/Event,Event - Jul-2025 - 04,6115000
CMP0000046,2025-07-12,2025-07-01,BR001,Facebook Ads,Digital,Facebook Ads - Jul-2025 - 09,15840000
CMP0000047,2025-07-21,2025-07-01,BR004,WhatsApp,Digital,WhatsApp - Jul-2025 - 03,6995000
CMP0000048,2025-07-28,2025-07-01,BR003,Instagram Ads,Digital,Instagram Ads - Jul-2025 - 02,8010000
CMP0000049,2025-08-25,2025-08-01,BR001,Instagram Ads,Digital,Instagram Ads - Aug-2025 - 07,5765000
CMP0000050,2025-08-21,2025-08-01,BR004,WhatsApp,Digital,WhatsApp - Aug-2025 - 04,4490000
CMP0000051,2025-08-26,2025-08-01,BR007,Facebook Ads,Digital,Facebook Ads - Aug-2025 - 08,9740000
CMP0000052,2025-08-17,2025-08-01,BR007,Referral,Organic/Referral,Referral - Aug-2025 - 03,2415000
CMP0000053,2025-08-11,2025-08-01,BR003,Walk-in,Organic/Branch,Walk-in - Aug-2025 - 08,780000
CMP0000054,2025-08-24,2025-08-01,BR002,Instagram Ads,Digital,Instagram Ads - Aug-2025 - 02,8520000
CMP0000055,2025-08-26,2025-08-01,BR007,Event,Offline/Event,Event - Aug-2025 - 02,4300000
CMP0000056,2025-08-09,2025-08-01,BR004,WhatsApp,Digital,WhatsApp - Aug-2025 - 08,4605000
CMP0000057,2025-08-01,2025-08-01,BR005,WhatsApp,Digital,WhatsApp - Aug-2025 - 03,5910000
CMP0000058,2025-08-28,2025-08-01,BR004,Referral,Organic/Referral,Referral - Aug-2025 - 04,2890000
CMP0000059,2025-08-07,2025-08-01,BR001,Event,Offline/Event,Event - Aug-2025 - 08,3195000
CMP0000060,2025-08-04,2025-08-01,BR007,Telemarketing,Outbound,Telemarketing - Aug-2025 - 05,3545000
CMP0000061,2025-08-03,2025-08-01,BR002,Referral,Organic/Referral,Referral - Aug-2025 - 05,2500000
CMP0000062,2025-08-02,2025-08-01,BR005,Instagram Ads,Digital,Instagram Ads - Aug-2025 - 06,8180000
CMP0000063,2025-08-03,2025-08-01,BR006,Instagram Ads,Digital,Instagram Ads - Aug-2025 - 08,4900000
CMP0000064,2025-08-24,2025-08-01,BR002,Telemarketing,Outbound,Telemarketing - Aug-2025 - 04,5530000
CMP0000065,2025-08-14,2025-08-01,BR002,Referral,Organic/Referral,Referral - Aug-2025 - 02,2545000
CMP0000066,2025-08-11,2025-08-01,BR001,Instagram Ads,Digital,Instagram Ads - Aug-2025 - 06,9930000
CMP0000067,2025-08-25,2025-08-01,BR005,Walk-in,Organic/Branch,Walk-in - Aug-2025 - 09,890000
CMP0000068,2025-08-28,2025-08-01,BR005,Event,Offline/Event,Event - Aug-2025 - 02,4535000
CMP0000069,2025-08-23,2025-08-01,BR005,Instagram Ads,Digital,Instagram Ads - Aug-2025 - 02,10945000
CMP0000070,2025-08-20,2025-08-01,BR004,Facebook Ads,Digital,Facebook Ads - Aug-2025 - 07,14875000
CMP0000071,2025-08-20,2025-08-01,BR005,Event,Offline/Event,Event - Aug-2025 - 04,6680000
CMP0000072,2025-08-09,2025-08-01,BR001,WhatsApp,Digital,WhatsApp - Aug-2025 - 06,5055000
CMP0000073,2025-08-26,2025-08-01,BR003,Facebook Ads,Digital,Facebook Ads - Aug-2025 - 07,13055000
CMP0000074,2025-08-18,2025-08-01,BR002,WhatsApp,Digital,WhatsApp - Aug-2025 - 09,4380000
CMP0000075,2025-08-12,2025-08-01,BR003,WhatsApp,Digital,WhatsApp - Aug-2025 - 04,6385000
CMP0000076,2025-08-28,2025-08-01,BR005,Facebook Ads,Digital,Facebook Ads - Aug-2025 - 09,9845000
CMP0000077,2025-08-02,2025-08-01,BR005,Facebook Ads,Digital,Facebook Ads - Aug-2025 - 06,13690000
CMP0000078,2025-08-05,2025-08-01,BR006,Facebook Ads,Digital,Facebook Ads - Aug-2025 - 02,7305000
CMP0000079,2025-08-17,2025-08-01,BR001,Instagram Ads,Digital,Instagram Ads - Aug-2025 - 04,7730000
CMP0000080,2025-08-24,2025-08-01,BR003,Facebook Ads,Digital,Facebook Ads - Aug-2025 - 02,6995000
CMP0000081,2025-08-14,2025-08-01,BR002,Referral,Organic/Referral,Referral - Aug-2025 - 09,2830000
CMP0000082,2025-08-18,2025-08-01,BR004,Instagram Ads,Digital,Instagram Ads - Aug-2025 - 07,5530000
CMP0000083,2025-08-05,2025-08-01,BR004,Instagram Ads,Digital,Instagram Ads - Aug-2025 - 04,8225000
CMP0000084,2025-08-18,2025-08-01,BR006,WhatsApp,Digital,WhatsApp - Aug-2025 - 08,5325000
CMP0000085,2025-08-28,2025-08-01,BR001,Telemarketing,Outbound,Telemarketing - Aug-2025 - 04,4060000
CMP0000086,2025-08-23,2025-08-01,BR007,Walk-in,Organic/Branch,Walk-in - Aug-2025 - 03,655000
CMP0000087,2025-08-26,2025-08-01,BR002,Walk-in,Organic/Branch,Walk-in - Aug-2025 - 07,1290000
CMP0000088,2025-08-11,2025-08-01,BR001,Telemarketing,Outbound,Telemarketing - Aug-2025 - 03,5840000
CMP0000089,2025-08-14,2025-08-01,BR004,Telemarketing,Outbound,Telemarketing - Aug-2025 - 01,3500000
CMP0000090,2025-08-06,2025-08-01,BR002,WhatsApp,Digital,WhatsApp - Aug-2025 - 04,4170000
CMP0000091,2025-08-09,2025-08-01,BR007,Telemarketing,Outbound,Telemarketing - Aug-2025 - 04,5365000
CMP0000092,2025-09-24,2025-09-01,BR007,Facebook Ads,Digital,Facebook Ads - Sep-2025 - 08,6730000
CMP0000093,2025-09-15,2025-09-01,BR007,Instagram Ads,Digital,Instagram Ads - Sep-2025 - 04,9120000
CMP0000094,2025-09-22,2025-09-01,BR004,Referral,Organic/Referral,Referral - Sep-2025 - 05,2005000
CMP0000095,2025-09-20,2025-09-01,BR004,Walk-in,Organic/Branch,Walk-in - Sep-2025 - 01,1330000
CMP0000096,2025-09-09,2025-09-01,BR006,WhatsApp,Digital,WhatsApp - Sep-2025 - 05,3545000
CMP0000097,2025-09-16,2025-09-01,BR007,Walk-in,Organic/Branch,Walk-in - Sep-2025 - 02,1380000
CMP0000098,2025-09-14,2025-09-01,BR005,Facebook Ads,Digital,Facebook Ads - Sep-2025 - 09,14885000
CMP0000099,2025-09-01,2025-09-01,BR005,WhatsApp,Digital,WhatsApp - Sep-2025 - 08,3955000
CMP0000100,2025-09-10,2025-09-01,BR004,Walk-in,Organic/Branch,Walk-in - Sep-2025 - 04,1145000
CMP0000101,2025-09-24,2025-09-01,BR007,Facebook Ads,Digital,Facebook Ads - Sep-2025 - 07,14450000
CMP0000102,2025-09-12,2025-09-01,BR003,Referral,Organic/Referral,Referral - Sep-2025 - 01,2085000
CMP0000103,2025-09-15,2025-09-01,BR001,Instagram Ads,Digital,Instagram Ads - Sep-2025 - 08,8930000
CMP0000104,2025-09-18,2025-09-01,BR002,Facebook Ads,Digital,Facebook Ads - Sep-2025 - 04,13795000
CMP0000105,2025-09-06,2025-09-01,BR006,WhatsApp,Digital,WhatsApp - Sep-2025 - 09,6530000
CMP0000106,2025-09-14,2025-09-01,BR003,Telemarketing,Outbound,Telemarketing - Sep-2025 - 07,4215000
CMP0000107,2025-09-17,2025-09-01,BR002,Instagram Ads,Digital,Instagram Ads - Sep-2025 - 07,9435000
CMP0000108,2025-09-27,2025-09-01,BR004,WhatsApp,Digital,WhatsApp - Sep-2025 - 07,3710000
CMP0000109,2025-09-14,2025-09-01,BR006,WhatsApp,Digital,WhatsApp - Sep-2025 - 05,5975000
CMP0000110,2025-09-22,2025-09-01,BR005,Walk-in,Organic/Branch,Walk-in - Sep-2025 - 04,1385000
CMP0000111,2025-09-04,2025-09-01,BR003,Telemarketing,Outbound,Telemarketing - Sep-2025 - 06,2550000
CMP0000112,2025-09-06,2025-09-01,BR002,WhatsApp,Digital,WhatsApp - Sep-2025 - 02,5270000
CMP0000113,2025-09-27,2025-09-01,BR005,Facebook Ads,Digital,Facebook Ads - Sep-2025 - 06,17635000
CMP0000114,2025-09-07,2025-09-01,BR004,Event,Offline/Event,Event - Sep-2025 - 05,3655000
CMP0000115,2025-09-02,2025-09-01,BR001,Instagram Ads,Digital,Instagram Ads - Sep-2025 - 03,8835000
CMP0000116,2025-09-19,2025-09-01,BR004,Walk-in,Organic/Branch,Walk-in - Sep-2025 - 02,650000
CMP0000117,2025-09-14,2025-09-01,BR002,Facebook Ads,Digital,Facebook Ads - Sep-2025 - 05,7710000
CMP0000118,2025-09-28,2025-09-01,BR004,WhatsApp,Digital,WhatsApp - Sep-2025 - 02,3165000
CMP0000119,2025-09-03,2025-09-01,BR007,WhatsApp,Digital,WhatsApp - Sep-2025 - 08,7665000
CMP0000120,2025-09-05,2025-09-01,BR004,Facebook Ads,Digital,Facebook Ads - Sep-2025 - 05,8465000
CMP0000121,2025-09-07,2025-09-01,BR001,Referral,Organic/Referral,Referral - Sep-2025 - 03,2635000
CMP0000122,2025-09-10,2025-09-01,BR007,Event,Offline/Event,Event - Sep-2025 - 09,4045000
CMP0000123,2025-09-10,2025-09-01,BR004,Referral,Organic/Referral,Referral - Sep-2025 - 07,1340000
CMP0000124,2025-09-23,2025-09-01,BR007,Referral,Organic/Referral,Referral - Sep-2025 - 02,1275000
CMP0000125,2025-09-05,2025-09-01,BR004,Instagram Ads,Digital,Instagram Ads - Sep-2025 - 05,12125000
CMP0000126,2025-09-14,2025-09-01,BR004,Walk-in,Organic/Branch,Walk-in - Sep-2025 - 05,1160000
CMP0000127,2025-09-26,2025-09-01,BR002,Referral,Organic/Referral,Referral - Sep-2025 - 02,1250000
CMP0000128,2025-09-01,2025-09-01,BR002,Telemarketing,Outbound,Telemarketing - Sep-2025 - 06,4090000
CMP0000129,2025-09-03,2025-09-01,BR006,Referral,Organic/Referral,Referral - Sep-2025 - 04,2940000
CMP0000130,2025-10-20,2025-10-01,BR005,Instagram Ads,Digital,Instagram Ads - Oct-2025 - 06,7065000
CMP0000131,2025-10-03,2025-10-01,BR003,WhatsApp,Digital,WhatsApp - Oct-2025 - 02,5840000
CMP0000132,2025-10-22,2025-10-01,BR001,Facebook Ads,Digital,Facebook Ads - Oct-2025 - 02,18420000
CMP0000133,2025-10-10,2025-10-01,BR004,Telemarketing,Outbound,Telemarketing - Oct-2025 - 06,5340000
CMP0000134,2025-10-16,2025-10-01,BR004,Walk-in,Organic/Branch,Walk-in - Oct-2025 - 06,1470000
CMP0000135,2025-10-08,2025-10-01,BR002,Telemarketing,Outbound,Telemarketing - Oct-2025 - 06,3605000
CMP0000136,2025-10-18,2025-10-01,BR006,Facebook Ads,Digital,Facebook Ads - Oct-2025 - 01,17290000
CMP0000137,2025-10-17,2025-10-01,BR001,Referral,Organic/Referral,Referral - Oct-2025 - 06,1265000
CMP0000138,2025-10-26,2025-10-01,BR003,Telemarketing,Outbound,Telemarketing - Oct-2025 - 09,3785000
CMP0000139,2025-10-20,2025-10-01,BR005,WhatsApp,Digital,WhatsApp - Oct-2025 - 03,7140000
CMP0000140,2025-10-11,2025-10-01,BR003,WhatsApp,Digital,WhatsApp - Oct-2025 - 08,8180000
CMP0000141,2025-10-19,2025-10-01,BR007,Walk-in,Organic/Branch,Walk-in - Oct-2025 - 05,800000
CMP0000142,2025-10-01,2025-10-01,BR001,WhatsApp,Digital,WhatsApp - Oct-2025 - 02,3660000
CMP0000143,2025-10-13,2025-10-01,BR002,Referral,Organic/Referral,Referral - Oct-2025 - 06,2415000
CMP0000144,2025-10-04,2025-10-01,BR006,Referral,Organic/Referral,Referral - Oct-2025 - 02,1360000
CMP0000145,2025-10-18,2025-10-01,BR003,Telemarketing,Outbound,Telemarketing - Oct-2025 - 03,3520000
CMP0000146,2025-10-11,2025-10-01,BR006,Event,Offline/Event,Event - Oct-2025 - 04,6910000
CMP0000147,2025-10-22,2025-10-01,BR005,Facebook Ads,Digital,Facebook Ads - Oct-2025 - 09,8865000
CMP0000148,2025-10-15,2025-10-01,BR002,Instagram Ads,Digital,Instagram Ads - Oct-2025 - 01,8080000
CMP0000149,2025-10-07,2025-10-01,BR004,Event,Offline/Event,Event - Oct-2025 - 07,6090000
CMP0000150,2025-10-22,2025-10-01,BR004,Telemarketing,Outbound,Telemarketing - Oct-2025 - 03,5475000
CMP0000151,2025-10-06,2025-10-01,BR005,WhatsApp,Digital,WhatsApp - Oct-2025 - 06,5295000
CMP0000152,2025-10-09,2025-10-01,BR002,Walk-in,Organic/Branch,Walk-in - Oct-2025 - 06,1130000
CMP0000153,2025-10-26,2025-10-01,BR002,Instagram Ads,Digital,Instagram Ads - Oct-2025 - 08,9030000
CMP0000154,2025-10-07,2025-10-01,BR003,Facebook Ads,Digital,Facebook Ads - Oct-2025 - 02,16900000
CMP0000155,2025-10-23,2025-10-01,BR006,Telemarketing,Outbound,Telemarketing - Oct-2025 - 04,3765000
CMP0000156,2025-10-18,2025-10-01,BR002,WhatsApp,Digital,WhatsApp - Oct-2025 - 08,6585000
CMP0000157,2025-10-25,2025-10-01,BR007,Instagram Ads,Digital,Instagram Ads - Oct-2025 - 08,11695000
CMP0000158,2025-10-21,2025-10-01,BR005,Referral,Organic/Referral,Referral - Oct-2025 - 02,2355000
CMP0000159,2025-10-26,2025-10-01,BR002,WhatsApp,Digital,WhatsApp - Oct-2025 - 04,3815000
CMP0000160,2025-10-17,2025-10-01,BR007,Instagram Ads,Digital,Instagram Ads - Oct-2025 - 05,12140000
CMP0000161,2025-10-19,2025-10-01,BR002,WhatsApp,Digital,WhatsApp - Oct-2025 - 04,6160000
CMP0000162,2025-10-01,2025-10-01,BR004,Facebook Ads,Digital,Facebook Ads - Oct-2025 - 01,7505000
CMP0000163,2025-10-12,2025-10-01,BR005,Telemarketing,Outbound,Telemarketing - Oct-2025 - 02,3265000
CMP0000164,2025-10-02,2025-10-01,BR004,Event,Offline/Event,Event - Oct-2025 - 01,5655000
CMP0000165,2025-10-02,2025-10-01,BR005,WhatsApp,Digital,WhatsApp - Oct-2025 - 01,8245000
CMP0000166,2025-10-07,2025-10-01,BR006,WhatsApp,Digital,WhatsApp - Oct-2025 - 04,6735000
CMP0000167,2025-10-20,2025-10-01,BR004,Facebook Ads,Digital,Facebook Ads - Oct-2025 - 09,11245000
CMP0000168,2025-10-05,2025-10-01,BR002,Telemarketing,Outbound,Telemarketing - Oct-2025 - 01,2945000
CMP0000169,2025-11-01,2025-11-01,BR003,Facebook Ads,Digital,Facebook Ads - Nov-2025 - 03,13840000
CMP0000170,2025-11-03,2025-11-01,BR006,Facebook Ads,Digital,Facebook Ads - Nov-2025 - 03,18030000
CMP0000171,2025-11-15,2025-11-01,BR006,Event,Offline/Event,Event - Nov-2025 - 04,4140000
CMP0000172,2025-11-12,2025-11-01,BR004,Event,Offline/Event,Event - Nov-2025 - 06,7375000
CMP0000173,2025-11-13,2025-11-01,BR005,Facebook Ads,Digital,Facebook Ads - Nov-2025 - 09,11240000
CMP0000174,2025-11-16,2025-11-01,BR003,Telemarketing,Outbound,Telemarketing - Nov-2025 - 05,3250000
CMP0000175,2025-11-18,2025-11-01,BR002,Referral,Organic/Referral,Referral - Nov-2025 - 06,2085000
CMP0000176,2025-11-17,2025-11-01,BR001,Facebook Ads,Digital,Facebook Ads - Nov-2025 - 08,13650000
CMP0000177,2025-11-27,2025-11-01,BR004,Instagram Ads,Digital,Instagram Ads - Nov-2025 - 07,5430000
CMP0000178,2025-11-11,2025-11-01,BR003,WhatsApp,Digital,WhatsApp - Nov-2025 - 05,3415000
CMP0000179,2025-11-06,2025-11-01,BR007,WhatsApp,Digital,WhatsApp - Nov-2025 - 09,8075000
CMP0000180,2025-11-15,2025-11-01,BR005,Instagram Ads,Digital,Instagram Ads - Nov-2025 - 01,8605000
CMP0000181,2025-11-27,2025-11-01,BR006,Event,Offline/Event,Event - Nov-2025 - 02,4610000
CMP0000182,2025-11-22,2025-11-01,BR006,Instagram Ads,Digital,Instagram Ads - Nov-2025 - 03,5530000
CMP0000183,2025-11-15,2025-11-01,BR004,Event,Offline/Event,Event - Nov-2025 - 02,5380000
CMP0000184,2025-11-28,2025-11-01,BR006,WhatsApp,Digital,WhatsApp - Nov-2025 - 06,8770000
CMP0000185,2025-11-23,2025-11-01,BR003,WhatsApp,Digital,WhatsApp - Nov-2025 - 04,7785000
CMP0000186,2025-11-12,2025-11-01,BR003,Facebook Ads,Digital,Facebook Ads - Nov-2025 - 07,13185000
CMP0000187,2025-11-05,2025-11-01,BR007,WhatsApp,Digital,WhatsApp - Nov-2025 - 01,3480000
CMP0000188,2025-11-23,2025-11-01,BR006,Instagram Ads,Digital,Instagram Ads - Nov-2025 - 09,7100000
CMP0000189,2025-11-04,2025-11-01,BR005,Facebook Ads,Digital,Facebook Ads - Nov-2025 - 04,7710000
CMP0000190,2025-11-21,2025-11-01,BR007,Walk-in,Organic/Branch,Walk-in - Nov-2025 - 05,1805000
CMP0000191,2025-11-18,2025-11-01,BR003,Referral,Organic/Referral,Referral - Nov-2025 - 01,1820000
CMP0000192,2025-11-01,2025-11-01,BR004,Facebook Ads,Digital,Facebook Ads - Nov-2025 - 07,9305000
CMP0000193,2025-11-03,2025-11-01,BR005,WhatsApp,Digital,WhatsApp - Nov-2025 - 04,7660000
CMP0000194,2025-11-16,2025-11-01,BR001,Referral,Organic/Referral,Referral - Nov-2025 - 08,2795000
CMP0000195,2025-11-05,2025-11-01,BR002,Instagram Ads,Digital,Instagram Ads - Nov-2025 - 05,11635000
CMP0000196,2025-11-13,2025-11-01,BR004,Referral,Organic/Referral,Referral - Nov-2025 - 02,2985000
CMP0000197,2025-11-01,2025-11-01,BR006,Event,Offline/Event,Event - Nov-2025 - 04,5720000
CMP0000198,2025-11-20,2025-11-01,BR004,Walk-in,Organic/Branch,Walk-in - Nov-2025 - 06,940000
CMP0000199,2025-11-28,2025-11-01,BR007,Event,Offline/Event,Event - Nov-2025 - 05,6110000
CMP0000200,2025-11-17,2025-11-01,BR003,Telemarketing,Outbound,Telemarketing - Nov-2025 - 08,4535000
CMP0000201,2025-11-05,2025-11-01,BR005,Walk-in,Organic/Branch,Walk-in - Nov-2025 - 02,1105000
CMP0000202,2025-11-05,2025-11-01,BR002,Walk-in,Organic/Branch,Walk-in - Nov-2025 - 03,1680000
CMP0000203,2025-11-28,2025-11-01,BR005,WhatsApp,Digital,WhatsApp - Nov-2025 - 08,6175000
CMP0000204,2025-11-18,2025-11-01,BR001,Facebook Ads,Digital,Facebook Ads - Nov-2025 - 02,16560000
CMP0000205,2025-11-01,2025-11-01,BR003,Event,Offline/Event,Event - Nov-2025 - 02,4105000
CMP0000206,2025-11-25,2025-11-01,BR002,Referral,Organic/Referral,Referral - Nov-2025 - 01,3330000
CMP0000207,2025-11-23,2025-11-01,BR001,Telemarketing,Outbound,Telemarketing - Nov-2025 - 04,4015000
CMP0000208,2025-11-02,2025-11-01,BR003,Facebook Ads,Digital,Facebook Ads - Nov-2025 - 04,7685000
CMP0000209,2025-11-03,2025-11-01,BR005,WhatsApp,Digital,WhatsApp - Nov-2025 - 07,5410000
CMP0000210,2025-11-20,2025-11-01,BR002,Facebook Ads,Digital,Facebook Ads - Nov-2025 - 09,9585000
CMP0000211,2025-11-08,2025-11-01,BR003,Walk-in,Organic/Branch,Walk-in - Nov-2025 - 02,1295000
CMP0000212,2025-11-20,2025-11-01,BR004,WhatsApp,Digital,WhatsApp - Nov-2025 - 01,5165000
CMP0000213,2025-11-27,2025-11-01,BR001,Referral,Organic/Referral,Referral - Nov-2025 - 02,3290000
CMP0000214,2025-11-03,2025-11-01,BR005,Telemarketing,Outbound,Telemarketing - Nov-2025 - 06,5060000
CMP0000215,2025-11-27,2025-11-01,BR006,Instagram Ads,Digital,Instagram Ads - Nov-2025 - 09,8500000
CMP0000216,2025-11-27,2025-11-01,BR003,WhatsApp,Digital,WhatsApp - Nov-2025 - 09,6185000
CMP0000217,2025-12-09,2025-12-01,BR003,Telemarketing,Outbound,Telemarketing - Dec-2025 - 06,3500000
CMP0000218,2025-12-11,2025-12-01,BR004,WhatsApp,Digital,WhatsApp - Dec-2025 - 09,8160000
CMP0000219,2025-12-15,2025-12-01,BR003,Walk-in,Organic/Branch,Walk-in - Dec-2025 - 07,765000
CMP0000220,2025-12-24,2025-12-01,BR006,Walk-in,Organic/Branch,Walk-in - Dec-2025 - 05,985000
CMP0000221,2025-12-03,2025-12-01,BR003,Walk-in,Organic/Branch,Walk-in - Dec-2025 - 09,890000
CMP0000222,2025-12-27,2025-12-01,BR004,WhatsApp,Digital,WhatsApp - Dec-2025 - 03,4055000
CMP0000223,2025-12-15,2025-12-01,BR003,Referral,Organic/Referral,Referral - Dec-2025 - 06,2395000
CMP0000224,2025-12-28,2025-12-01,BR002,Event,Offline/Event,Event - Dec-2025 - 01,4335000
CMP0000225,2025-12-18,2025-12-01,BR005,Instagram Ads,Digital,Instagram Ads - Dec-2025 - 03,9220000
CMP0000226,2025-12-19,2025-12-01,BR003,WhatsApp,Digital,WhatsApp - Dec-2025 - 03,6200000
CMP0000227,2025-12-03,2025-12-01,BR002,WhatsApp,Digital,WhatsApp - Dec-2025 - 01,3775000
CMP0000228,2025-12-14,2025-12-01,BR007,Facebook Ads,Digital,Facebook Ads - Dec-2025 - 04,17705000
CMP0000229,2025-12-22,2025-12-01,BR001,Facebook Ads,Digital,Facebook Ads - Dec-2025 - 03,15625000
CMP0000230,2025-12-01,2025-12-01,BR004,Instagram Ads,Digital,Instagram Ads - Dec-2025 - 06,12665000
CMP0000231,2025-12-28,2025-12-01,BR006,Walk-in,Organic/Branch,Walk-in - Dec-2025 - 07,1715000
CMP0000232,2025-12-25,2025-12-01,BR005,Instagram Ads,Digital,Instagram Ads - Dec-2025 - 02,10660000
CMP0000233,2025-12-19,2025-12-01,BR002,Facebook Ads,Digital,Facebook Ads - Dec-2025 - 09,18280000
CMP0000234,2025-12-26,2025-12-01,BR002,WhatsApp,Digital,WhatsApp - Dec-2025 - 07,5875000
CMP0000235,2025-12-17,2025-12-01,BR006,Instagram Ads,Digital,Instagram Ads - Dec-2025 - 08,6015000
CMP0000236,2025-12-22,2025-12-01,BR007,Walk-in,Organic/Branch,Walk-in - Dec-2025 - 04,1500000
CMP0000237,2025-12-20,2025-12-01,BR003,WhatsApp,Digital,WhatsApp - Dec-2025 - 06,7255000
CMP0000238,2025-12-04,2025-12-01,BR005,Facebook Ads,Digital,Facebook Ads - Dec-2025 - 07,7525000
CMP0000239,2025-12-24,2025-12-01,BR003,WhatsApp,Digital,WhatsApp - Dec-2025 - 04,4790000
CMP0000240,2025-12-09,2025-12-01,BR006,Facebook Ads,Digital,Facebook Ads - Dec-2025 - 04,7995000
CMP0000241,2025-12-07,2025-12-01,BR007,WhatsApp,Digital,WhatsApp - Dec-2025 - 01,6865000
CMP0000242,2025-12-15,2025-12-01,BR004,Instagram Ads,Digital,Instagram Ads - Dec-2025 - 03,10110000
CMP0000243,2025-12-15,2025-12-01,BR003,Walk-in,Organic/Branch,Walk-in - Dec-2025 - 03,1150000
CMP0000244,2025-12-01,2025-12-01,BR006,Referral,Organic/Referral,Referral - Dec-2025 - 05,2695000
CMP0000245,2025-12-03,2025-12-01,BR006,Telemarketing,Outbound,Telemarketing - Dec-2025 - 05,2675000
CMP0000246,2025-12-19,2025-12-01,BR005,Facebook Ads,Digital,Facebook Ads - Dec-2025 - 06,13105000
CMP0000247,2025-12-11,2025-12-01,BR005,WhatsApp,Digital,WhatsApp - Dec-2025 - 07,5690000
CMP0000248,2025-12-03,2025-12-01,BR002,Facebook Ads,Digital,Facebook Ads - Dec-2025 - 06,12510000
CMP0000249,2025-12-11,2025-12-01,BR006,Referral,Organic/Referral,Referral - Dec-2025 - 09,2935000
CMP0000250,2025-12-27,2025-12-01,BR003,Facebook Ads,Digital,Facebook Ads - Dec-2025 - 03,19145000
CMP0000251,2025-12-13,2025-12-01,BR007,Telemarketing,Outbound,Telemarketing - Dec-2025 - 04,5710000
CMP0000252,2025-12-16,2025-12-01,BR004,Referral,Organic/Referral,Referral - Dec-2025 - 01,2935000
CMP0000253,2025-12-04,2025-12-01,BR002,Facebook Ads,Digital,Facebook Ads - Dec-2025 - 05,10325000
CMP0000254,2025-12-17,2025-12-01,BR004,Telemarketing,Outbound,Telemarketing - Dec-2025 - 07,5915000
CMP0000255,2025-12-17,2025-12-01,BR003,Telemarketing,Outbound,Telemarketing - Dec-2025 - 04,3815000
CMP0000256,2025-12-04,2025-12-01,BR002,Facebook Ads,Digital,Facebook Ads - Dec-2025 - 08,12640000
CMP0000257,2025-12-13,2025-12-01,BR007,WhatsApp,Digital,WhatsApp - Dec-2025 - 06,9360000
CMP0000258,2025-12-12,2025-12-01,BR004,Instagram Ads,Digital,Instagram Ads - Dec-2025 - 06,5680000
CMP0000259,2025-12-12,2025-12-01,BR006,Instagram Ads,Digital,Instagram Ads - Dec-2025 - 02,6945000
CMP0000260,2025-12-15,2025-12-01,BR005,Facebook Ads,Digital,Facebook Ads - Dec-2025 - 01,12550000
CMP0000261,2025-12-15,2025-12-01,BR001,WhatsApp,Digital,WhatsApp - Dec-2025 - 05,6995000
CMP0000262,2025-12-15,2025-12-01,BR005,Facebook Ads,Digital,Facebook Ads - Dec-2025 - 08,19525000
CMP0000263,2025-12-20,2025-12-01,BR006,Telemarketing,Outbound,Telemarketing - Dec-2025 - 01,5535000
CMP0000264,2025-12-20,2025-12-01,BR003,Referral,Organic/Referral,Referral - Dec-2025 - 04,2735000
CMP0000265,2025-12-14,2025-12-01,BR002,Telemarketing,Outbound,Telemarketing - Dec-2025 - 01,5625000
CMP0000266,2026-01-11,2026-01-01,BR002,Referral,Organic/Referral,Referral - Jan-2026 - 04,1980000
CMP0000267,2026-01-03,2026-01-01,BR001,Facebook Ads,Digital,Facebook Ads - Jan-2026 - 06,20065000
CMP0000268,2026-01-10,2026-01-01,BR005,Facebook Ads,Digital,Facebook Ads - Jan-2026 - 09,14780000
CMP0000269,2026-01-08,2026-01-01,BR004,Facebook Ads,Digital,Facebook Ads - Jan-2026 - 01,13995000
CMP0000270,2026-01-20,2026-01-01,BR001,Referral,Organic/Referral,Referral - Jan-2026 - 06,2520000
CMP0000271,2026-01-09,2026-01-01,BR006,WhatsApp,Digital,WhatsApp - Jan-2026 - 05,8350000
CMP0000272,2026-01-07,2026-01-01,BR003,Referral,Organic/Referral,Referral - Jan-2026 - 02,3405000
CMP0000273,2026-01-08,2026-01-01,BR007,Instagram Ads,Digital,Instagram Ads - Jan-2026 - 07,6680000
CMP0000274,2026-01-13,2026-01-01,BR001,Facebook Ads,Digital,Facebook Ads - Jan-2026 - 03,9825000
CMP0000275,2026-01-15,2026-01-01,BR007,WhatsApp,Digital,WhatsApp - Jan-2026 - 01,7815000
CMP0000276,2026-01-09,2026-01-01,BR004,Referral,Organic/Referral,Referral - Jan-2026 - 03,3860000
CMP0000277,2026-01-05,2026-01-01,BR005,Event,Offline/Event,Event - Jan-2026 - 07,3555000
CMP0000278,2026-01-09,2026-01-01,BR003,WhatsApp,Digital,WhatsApp - Jan-2026 - 06,7490000
CMP0000279,2026-01-07,2026-01-01,BR007,Walk-in,Organic/Branch,Walk-in - Jan-2026 - 05,975000
CMP0000280,2026-01-15,2026-01-01,BR003,Instagram Ads,Digital,Instagram Ads - Jan-2026 - 06,15660000
CMP0000281,2026-01-01,2026-01-01,BR006,Facebook Ads,Digital,Facebook Ads - Jan-2026 - 08,10110000
CMP0000282,2026-01-06,2026-01-01,BR007,Instagram Ads,Digital,Instagram Ads - Jan-2026 - 08,10465000
CMP0000283,2026-01-23,2026-01-01,BR005,Referral,Organic/Referral,Referral - Jan-2026 - 05,1850000
CMP0000284,2026-01-01,2026-01-01,BR002,Walk-in,Organic/Branch,Walk-in - Jan-2026 - 05,985000
CMP0000285,2026-01-08,2026-01-01,BR007,Telemarketing,Outbound,Telemarketing - Jan-2026 - 03,3825000
CMP0000286,2026-01-17,2026-01-01,BR007,Facebook Ads,Digital,Facebook Ads - Jan-2026 - 08,14095000
CMP0000287,2026-01-20,2026-01-01,BR003,Facebook Ads,Digital,Facebook Ads - Jan-2026 - 01,8175000
CMP0000288,2026-01-03,2026-01-01,BR002,Telemarketing,Outbound,Telemarketing - Jan-2026 - 07,4960000
CMP0000289,2026-01-13,2026-01-01,BR003,Walk-in,Organic/Branch,Walk-in - Jan-2026 - 03,895000
CMP0000290,2026-01-11,2026-01-01,BR006,Facebook Ads,Digital,Facebook Ads - Jan-2026 - 02,11665000
CMP0000291,2026-01-21,2026-01-01,BR001,Instagram Ads,Digital,Instagram Ads - Jan-2026 - 07,15450000
CMP0000292,2026-01-11,2026-01-01,BR003,Facebook Ads,Digital,Facebook Ads - Jan-2026 - 07,10115000
CMP0000293,2026-01-09,2026-01-01,BR002,Instagram Ads,Digital,Instagram Ads - Jan-2026 - 06,10020000
CMP0000294,2026-01-10,2026-01-01,BR001,Walk-in,Organic/Branch,Walk-in - Jan-2026 - 02,1755000
CMP0000295,2026-01-11,2026-01-01,BR001,WhatsApp,Digital,WhatsApp - Jan-2026 - 04,8580000
CMP0000296,2026-01-01,2026-01-01,BR007,WhatsApp,Digital,WhatsApp - Jan-2026 - 09,7010000
CMP0000297,2026-01-02,2026-01-01,BR004,Event,Offline/Event,Event - Jan-2026 - 07,6740000
CMP0000298,2026-01-25,2026-01-01,BR001,Instagram Ads,Digital,Instagram Ads - Jan-2026 - 04,7670000
CMP0000299,2026-01-23,2026-01-01,BR003,Event,Offline/Event,Event - Jan-2026 - 08,4135000
CMP0000300,2026-01-04,2026-01-01,BR003,Walk-in,Organic/Branch,Walk-in - Jan-2026 - 03,1715000
CMP0000301,2026-01-15,2026-01-01,BR003,Referral,Organic/Referral,Referral - Jan-2026 - 09,1485000
CMP0000302,2026-01-20,2026-01-01,BR003,Instagram Ads,Digital,Instagram Ads - Jan-2026 - 02,9995000
CMP0000303,2026-01-20,2026-01-01,BR005,WhatsApp,Digital,WhatsApp - Jan-2026 - 06,5210000
CMP0000304,2026-01-27,2026-01-01,BR001,Referral,Organic/Referral,Referral - Jan-2026 - 05,2165000
CMP0000305,2026-01-06,2026-01-01,BR003,WhatsApp,Digital,WhatsApp - Jan-2026 - 06,5925000
CMP0000306,2026-02-19,2026-02-01,BR005,WhatsApp,Digital,WhatsApp - Feb-2026 - 05,8385000
CMP0000307,2026-02-03,2026-02-01,BR005,Walk-in,Organic/Branch,Walk-in - Feb-2026 - 08,1105000
CMP0000308,2026-02-06,2026-02-01,BR001,WhatsApp,Digital,WhatsApp - Feb-2026 - 08,5250000
CMP0000309,2026-02-15,2026-02-01,BR003,Facebook Ads,Digital,Facebook Ads - Feb-2026 - 03,14470000
CMP0000310,2026-02-10,2026-02-01,BR002,Instagram Ads,Digital,Instagram Ads - Feb-2026 - 01,10360000
CMP0000311,2026-02-10,2026-02-01,BR002,Instagram Ads,Digital,Instagram Ads - Feb-2026 - 03,11115000
CMP0000312,2026-02-10,2026-02-01,BR001,Walk-in,Organic/Branch,Walk-in - Feb-2026 - 09,1765000
CMP0000313,2026-02-11,2026-02-01,BR007,Facebook Ads,Digital,Facebook Ads - Feb-2026 - 06,10875000
CMP0000314,2026-02-05,2026-02-01,BR005,WhatsApp,Digital,WhatsApp - Feb-2026 - 03,5265000
CMP0000315,2026-02-10,2026-02-01,BR007,WhatsApp,Digital,WhatsApp - Feb-2026 - 09,5915000
CMP0000316,2026-02-01,2026-02-01,BR002,Instagram Ads,Digital,Instagram Ads - Feb-2026 - 07,12120000
CMP0000317,2026-02-04,2026-02-01,BR003,Telemarketing,Outbound,Telemarketing - Feb-2026 - 07,6375000
CMP0000318,2026-02-18,2026-02-01,BR006,Facebook Ads,Digital,Facebook Ads - Feb-2026 - 09,18855000
CMP0000319,2026-02-12,2026-02-01,BR002,Referral,Organic/Referral,Referral - Feb-2026 - 03,2270000
CMP0000320,2026-02-03,2026-02-01,BR005,Event,Offline/Event,Event - Feb-2026 - 08,3130000
CMP0000321,2026-02-08,2026-02-01,BR001,Event,Offline/Event,Event - Feb-2026 - 01,5970000
CMP0000322,2026-02-01,2026-02-01,BR003,WhatsApp,Digital,WhatsApp - Feb-2026 - 03,4850000
CMP0000323,2026-02-14,2026-02-01,BR007,Walk-in,Organic/Branch,Walk-in - Feb-2026 - 09,1100000
CMP0000324,2026-02-13,2026-02-01,BR004,Instagram Ads,Digital,Instagram Ads - Feb-2026 - 06,5955000
CMP0000325,2026-02-02,2026-02-01,BR002,WhatsApp,Digital,WhatsApp - Feb-2026 - 04,6530000
CMP0000326,2026-02-01,2026-02-01,BR002,Event,Offline/Event,Event - Feb-2026 - 08,4185000
CMP0000327,2026-02-21,2026-02-01,BR002,Referral,Organic/Referral,Referral - Feb-2026 - 04,2430000
CMP0000328,2026-02-24,2026-02-01,BR006,Walk-in,Organic/Branch,Walk-in - Feb-2026 - 04,1220000
CMP0000329,2026-02-22,2026-02-01,BR004,WhatsApp,Digital,WhatsApp - Feb-2026 - 05,4525000
CMP0000330,2026-02-02,2026-02-01,BR001,Facebook Ads,Digital,Facebook Ads - Feb-2026 - 02,15015000
CMP0000331,2026-02-06,2026-02-01,BR007,Facebook Ads,Digital,Facebook Ads - Feb-2026 - 04,9860000
CMP0000332,2026-02-22,2026-02-01,BR002,Event,Offline/Event,Event - Feb-2026 - 08,4465000
CMP0000333,2026-02-03,2026-02-01,BR001,Telemarketing,Outbound,Telemarketing - Feb-2026 - 09,5350000
CMP0000334,2026-02-22,2026-02-01,BR006,Facebook Ads,Digital,Facebook Ads - Feb-2026 - 01,15085000
CMP0000335,2026-02-26,2026-02-01,BR004,Instagram Ads,Digital,Instagram Ads - Feb-2026 - 03,5490000
CMP0000336,2026-02-20,2026-02-01,BR007,Instagram Ads,Digital,Instagram Ads - Feb-2026 - 07,12380000
CMP0000337,2026-02-24,2026-02-01,BR007,Event,Offline/Event,Event - Feb-2026 - 01,4505000
CMP0000338,2026-02-13,2026-02-01,BR004,Walk-in,Organic/Branch,Walk-in - Feb-2026 - 07,730000
CMP0000339,2026-02-23,2026-02-01,BR002,Walk-in,Organic/Branch,Walk-in - Feb-2026 - 09,1330000
CMP0000340,2026-02-01,2026-02-01,BR002,Facebook Ads,Digital,Facebook Ads - Feb-2026 - 01,15985000
CMP0000341,2026-02-03,2026-02-01,BR006,WhatsApp,Digital,WhatsApp - Feb-2026 - 05,9545000
CMP0000342,2026-02-25,2026-02-01,BR006,Instagram Ads,Digital,Instagram Ads - Feb-2026 - 03,14020000
CMP0000343,2026-02-16,2026-02-01,BR001,Telemarketing,Outbound,Telemarketing - Feb-2026 - 07,4270000
CMP0000344,2026-02-22,2026-02-01,BR004,Walk-in,Organic/Branch,Walk-in - Feb-2026 - 08,1190000
CMP0000345,2026-02-25,2026-02-01,BR007,Instagram Ads,Digital,Instagram Ads - Feb-2026 - 09,12875000
CMP0000346,2026-02-01,2026-02-01,BR004,Facebook Ads,Digital,Facebook Ads - Feb-2026 - 09,18565000
CMP0000347,2026-02-28,2026-02-01,BR006,Instagram Ads,Digital,Instagram Ads - Feb-2026 - 08,14090000
CMP0000348,2026-02-03,2026-02-01,BR003,Facebook Ads,Digital,Facebook Ads - Feb-2026 - 02,10195000
CMP0000349,2026-02-18,2026-02-01,BR004,Telemarketing,Outbound,Telemarketing - Feb-2026 - 05,3660000
CMP0000350,2026-02-19,2026-02-01,BR007,Facebook Ads,Digital,Facebook Ads - Feb-2026 - 05,8480000
CMP0000351,2026-02-18,2026-02-01,BR003,Referral,Organic/Referral,Referral - Feb-2026 - 02,2405000
CMP0000352,2026-02-14,2026-02-01,BR006,WhatsApp,Digital,WhatsApp - Feb-2026 - 08,5280000
CMP0000353,2026-02-24,2026-02-01,BR001,Telemarketing,Outbound,Telemarketing - Feb-2026 - 01,2860000
CMP0000354,2026-03-17,2026-03-01,BR005,Walk-in,Organic/Branch,Walk-in - Mar-2026 - 06,1325000
CMP0000355,2026-03-23,2026-03-01,BR004,Facebook Ads,Digital,Facebook Ads - Mar-2026 - 07,15555000
CMP0000356,2026-03-14,2026-03-01,BR002,Instagram Ads,Digital,Instagram Ads - Mar-2026 - 06,10645000
CMP0000357,2026-03-20,2026-03-01,BR003,Event,Offline/Event,Event - Mar-2026 - 04,3660000
CMP0000358,2026-03-07,2026-03-01,BR001,WhatsApp,Digital,WhatsApp - Mar-2026 - 08,7105000
CMP0000359,2026-03-16,2026-03-01,BR005,Telemarketing,Outbound,Telemarketing - Mar-2026 - 03,4300000
CMP0000360,2026-03-22,2026-03-01,BR002,Telemarketing,Outbound,Telemarketing - Mar-2026 - 08,5335000
CMP0000361,2026-03-01,2026-03-01,BR002,WhatsApp,Digital,WhatsApp - Mar-2026 - 05,4620000
CMP0000362,2026-03-09,2026-03-01,BR007,Instagram Ads,Digital,Instagram Ads - Mar-2026 - 09,11595000
CMP0000363,2026-03-05,2026-03-01,BR002,WhatsApp,Digital,WhatsApp - Mar-2026 - 04,4260000
CMP0000364,2026-03-02,2026-03-01,BR007,Facebook Ads,Digital,Facebook Ads - Mar-2026 - 08,17620000
CMP0000365,2026-03-04,2026-03-01,BR004,Facebook Ads,Digital,Facebook Ads - Mar-2026 - 01,9250000
CMP0000366,2026-03-27,2026-03-01,BR006,Facebook Ads,Digital,Facebook Ads - Mar-2026 - 06,14825000
CMP0000367,2026-03-18,2026-03-01,BR004,Instagram Ads,Digital,Instagram Ads - Mar-2026 - 05,11095000
CMP0000368,2026-03-01,2026-03-01,BR007,Event,Offline/Event,Event - Mar-2026 - 03,3505000
CMP0000369,2026-03-16,2026-03-01,BR001,Facebook Ads,Digital,Facebook Ads - Mar-2026 - 07,15990000
CMP0000370,2026-03-27,2026-03-01,BR004,Walk-in,Organic/Branch,Walk-in - Mar-2026 - 02,660000
CMP0000371,2026-03-09,2026-03-01,BR001,Event,Offline/Event,Event - Mar-2026 - 05,4565000
CMP0000372,2026-03-22,2026-03-01,BR007,Facebook Ads,Digital,Facebook Ads - Mar-2026 - 03,13835000
CMP0000373,2026-03-08,2026-03-01,BR002,Referral,Organic/Referral,Referral - Mar-2026 - 09,3240000
CMP0000374,2026-03-19,2026-03-01,BR002,Facebook Ads,Digital,Facebook Ads - Mar-2026 - 09,9095000
CMP0000375,2026-03-22,2026-03-01,BR002,WhatsApp,Digital,WhatsApp - Mar-2026 - 07,7535000
CMP0000376,2026-03-08,2026-03-01,BR004,Instagram Ads,Digital,Instagram Ads - Mar-2026 - 06,5935000
CMP0000377,2026-03-22,2026-03-01,BR002,Telemarketing,Outbound,Telemarketing - Mar-2026 - 01,3160000
CMP0000378,2026-03-13,2026-03-01,BR001,WhatsApp,Digital,WhatsApp - Mar-2026 - 04,4450000
CMP0000379,2026-03-23,2026-03-01,BR007,Telemarketing,Outbound,Telemarketing - Mar-2026 - 08,4200000
CMP0000380,2026-03-06,2026-03-01,BR001,Facebook Ads,Digital,Facebook Ads - Mar-2026 - 05,11165000
CMP0000381,2026-03-11,2026-03-01,BR001,WhatsApp,Digital,WhatsApp - Mar-2026 - 03,3365000
CMP0000382,2026-03-22,2026-03-01,BR005,Walk-in,Organic/Branch,Walk-in - Mar-2026 - 03,1085000
CMP0000383,2026-03-26,2026-03-01,BR006,Facebook Ads,Digital,Facebook Ads - Mar-2026 - 04,13250000
CMP0000384,2026-03-20,2026-03-01,BR006,Referral,Organic/Referral,Referral - Mar-2026 - 04,2595000
CMP0000385,2026-03-21,2026-03-01,BR001,Instagram Ads,Digital,Instagram Ads - Mar-2026 - 08,12540000
CMP0000386,2026-03-14,2026-03-01,BR002,Walk-in,Organic/Branch,Walk-in - Mar-2026 - 02,1330000
CMP0000387,2026-03-15,2026-03-01,BR002,Event,Offline/Event,Event - Mar-2026 - 07,3955000
CMP0000388,2026-03-24,2026-03-01,BR002,Facebook Ads,Digital,Facebook Ads - Mar-2026 - 05,11780000
CMP0000389,2026-03-03,2026-03-01,BR006,Walk-in,Organic/Branch,Walk-in - Mar-2026 - 02,1080000
CMP0000390,2026-03-15,2026-03-01,BR005,WhatsApp,Digital,WhatsApp - Mar-2026 - 01,4705000
CMP0000391,2026-03-01,2026-03-01,BR006,WhatsApp,Digital,WhatsApp - Mar-2026 - 08,4080000
CMP0000392,2026-03-19,2026-03-01,BR002,Facebook Ads,Digital,Facebook Ads - Mar-2026 - 07,10435000
CMP0000393,2026-03-18,2026-03-01,BR001,WhatsApp,Digital,WhatsApp - Mar-2026 - 09,4925000
CMP0000394,2026-03-18,2026-03-01,BR001,WhatsApp,Digital,WhatsApp - Mar-2026 - 06,6745000
CMP0000395,2026-04-21,2026-04-01,BR004,Referral,Organic/Referral,Referral - Apr-2026 - 05,2485000
CMP0000396,2026-04-19,2026-04-01,BR006,Walk-in,Organic/Branch,Walk-in - Apr-2026 - 08,1375000
CMP0000397,2026-04-10,2026-04-01,BR004,Referral,Organic/Referral,Referral - Apr-2026 - 06,2940000
CMP0000398,2026-04-07,2026-04-01,BR005,Event,Offline/Event,Event - Apr-2026 - 07,4040000
CMP0000399,2026-04-28,2026-04-01,BR005,WhatsApp,Digital,WhatsApp - Apr-2026 - 08,6500000
CMP0000400,2026-04-05,2026-04-01,BR005,Referral,Organic/Referral,Referral - Apr-2026 - 08,1575000
CMP0000401,2026-04-08,2026-04-01,BR007,Walk-in,Organic/Branch,Walk-in - Apr-2026 - 01,1050000
CMP0000402,2026-04-04,2026-04-01,BR006,Referral,Organic/Referral,Referral - Apr-2026 - 08,3125000
CMP0000403,2026-04-05,2026-04-01,BR007,Facebook Ads,Digital,Facebook Ads - Apr-2026 - 07,15445000
CMP0000404,2026-04-12,2026-04-01,BR002,WhatsApp,Digital,WhatsApp - Apr-2026 - 07,5735000
CMP0000405,2026-04-16,2026-04-01,BR002,Walk-in,Organic/Branch,Walk-in - Apr-2026 - 05,1260000
CMP0000406,2026-04-21,2026-04-01,BR006,Event,Offline/Event,Event - Apr-2026 - 03,4675000
CMP0000407,2026-04-11,2026-04-01,BR005,Event,Offline/Event,Event - Apr-2026 - 01,3320000
CMP0000408,2026-04-20,2026-04-01,BR006,Event,Offline/Event,Event - Apr-2026 - 05,4090000
CMP0000409,2026-04-21,2026-04-01,BR007,Instagram Ads,Digital,Instagram Ads - Apr-2026 - 09,9245000
CMP0000410,2026-04-10,2026-04-01,BR003,Facebook Ads,Digital,Facebook Ads - Apr-2026 - 04,14515000
CMP0000411,2026-04-17,2026-04-01,BR005,Facebook Ads,Digital,Facebook Ads - Apr-2026 - 01,16275000
CMP0000412,2026-04-06,2026-04-01,BR002,Referral,Organic/Referral,Referral - Apr-2026 - 07,1820000
CMP0000413,2026-04-19,2026-04-01,BR007,Facebook Ads,Digital,Facebook Ads - Apr-2026 - 09,16245000
CMP0000414,2026-04-12,2026-04-01,BR005,Referral,Organic/Referral,Referral - Apr-2026 - 04,1350000
CMP0000415,2026-04-09,2026-04-01,BR007,Referral,Organic/Referral,Referral - Apr-2026 - 03,2505000
CMP0000416,2026-04-16,2026-04-01,BR006,Walk-in,Organic/Branch,Walk-in - Apr-2026 - 04,1190000
CMP0000417,2026-04-16,2026-04-01,BR004,Instagram Ads,Digital,Instagram Ads - Apr-2026 - 05,5270000
CMP0000418,2026-04-10,2026-04-01,BR004,Instagram Ads,Digital,Instagram Ads - Apr-2026 - 04,9240000
CMP0000419,2026-04-08,2026-04-01,BR005,Instagram Ads,Digital,Instagram Ads - Apr-2026 - 08,4610000
CMP0000420,2026-04-18,2026-04-01,BR002,Facebook Ads,Digital,Facebook Ads - Apr-2026 - 09,9060000
CMP0000421,2026-04-23,2026-04-01,BR006,Facebook Ads,Digital,Facebook Ads - Apr-2026 - 07,13470000
CMP0000422,2026-04-11,2026-04-01,BR005,Instagram Ads,Digital,Instagram Ads - Apr-2026 - 09,10280000
CMP0000423,2026-04-27,2026-04-01,BR001,Referral,Organic/Referral,Referral - Apr-2026 - 07,1880000
CMP0000424,2026-04-06,2026-04-01,BR006,Facebook Ads,Digital,Facebook Ads - Apr-2026 - 01,16315000
CMP0000425,2026-04-25,2026-04-01,BR006,Facebook Ads,Digital,Facebook Ads - Apr-2026 - 03,6745000
CMP0000426,2026-04-06,2026-04-01,BR007,Instagram Ads,Digital,Instagram Ads - Apr-2026 - 09,6410000
CMP0000427,2026-04-12,2026-04-01,BR003,Telemarketing,Outbound,Telemarketing - Apr-2026 - 03,3515000
CMP0000428,2026-04-08,2026-04-01,BR004,Walk-in,Organic/Branch,Walk-in - Apr-2026 - 03,710000
CMP0000429,2026-04-06,2026-04-01,BR004,Walk-in,Organic/Branch,Walk-in - Apr-2026 - 03,710000
CMP0000430,2026-04-15,2026-04-01,BR001,WhatsApp,Digital,WhatsApp - Apr-2026 - 05,6720000
CMP0000431,2026-04-25,2026-04-01,BR004,Instagram Ads,Digital,Instagram Ads - Apr-2026 - 06,7480000
CMP0000432,2026-04-24,2026-04-01,BR006,Instagram Ads,Digital,Instagram Ads - Apr-2026 - 04,8090000
CMP0000433,2026-04-06,2026-04-01,BR005,Telemarketing,Outbound,Telemarketing - Apr-2026 - 07,4280000
CMP0000434,2026-04-09,2026-04-01,BR007,Referral,Organic/Referral,Referral - Apr-2026 - 07,3100000
CMP0000435,2026-04-28,2026-04-01,BR003,Facebook Ads,Digital,Facebook Ads - Apr-2026 - 01,11475000
CMP0000436,2026-04-01,2026-04-01,BR007,Instagram Ads,Digital,Instagram Ads - Apr-2026 - 06,9395000
CMP0000437,2026-04-04,2026-04-01,BR006,Event,Offline/Event,Event - Apr-2026 - 01,5980000
CMP0000438,2026-04-25,2026-04-01,BR006,Instagram Ads,Digital,Instagram Ads - Apr-2026 - 04,9890000
CMP0000439,2026-04-28,2026-04-01,BR005,WhatsApp,Digital,WhatsApp - Apr-2026 - 06,3510000
CMP0000440,2026-04-14,2026-04-01,BR001,Facebook Ads,Digital,Facebook Ads - Apr-2026 - 09,11885000
CMP0000441,2026-04-24,2026-04-01,BR007,WhatsApp,Digital,WhatsApp - Apr-2026 - 05,4815000
CMP0000442,2026-04-13,2026-04-01,BR001,Facebook Ads,Digital,Facebook Ads - Apr-2026 - 08,8640000
CMP0000443,2026-05-24,2026-05-01,BR003,Facebook Ads,Digital,Facebook Ads - May-2026 - 01,10375000
CMP0000444,2026-05-23,2026-05-01,BR003,Walk-in,Organic/Branch,Walk-in - May-2026 - 01,1245000
CMP0000445,2026-05-25,2026-05-01,BR005,Instagram Ads,Digital,Instagram Ads - May-2026 - 05,8345000
CMP0000446,2026-05-13,2026-05-01,BR002,Referral,Organic/Referral,Referral - May-2026 - 03,3130000
CMP0000447,2026-05-28,2026-05-01,BR003,Walk-in,Organic/Branch,Walk-in - May-2026 - 05,1210000
CMP0000448,2026-05-08,2026-05-01,BR005,Instagram Ads,Digital,Instagram Ads - May-2026 - 04,5075000
CMP0000449,2026-05-26,2026-05-01,BR003,Instagram Ads,Digital,Instagram Ads - May-2026 - 04,6255000
CMP0000450,2026-05-27,2026-05-01,BR003,Walk-in,Organic/Branch,Walk-in - May-2026 - 01,1665000
CMP0000451,2026-05-23,2026-05-01,BR004,Telemarketing,Outbound,Telemarketing - May-2026 - 03,2680000
CMP0000452,2026-05-10,2026-05-01,BR005,WhatsApp,Digital,WhatsApp - May-2026 - 05,5835000
CMP0000453,2026-05-03,2026-05-01,BR003,Facebook Ads,Digital,Facebook Ads - May-2026 - 05,8470000
CMP0000454,2026-05-21,2026-05-01,BR002,WhatsApp,Digital,WhatsApp - May-2026 - 04,4865000
CMP0000455,2026-05-26,2026-05-01,BR004,Instagram Ads,Digital,Instagram Ads - May-2026 - 03,5990000
CMP0000456,2026-05-09,2026-05-01,BR004,Event,Offline/Event,Event - May-2026 - 01,5055000
CMP0000457,2026-05-15,2026-05-01,BR006,Referral,Organic/Referral,Referral - May-2026 - 03,3130000
CMP0000458,2026-05-25,2026-05-01,BR003,Telemarketing,Outbound,Telemarketing - May-2026 - 08,4430000
CMP0000459,2026-05-24,2026-05-01,BR006,Facebook Ads,Digital,Facebook Ads - May-2026 - 07,14785000
CMP0000460,2026-05-24,2026-05-01,BR004,Facebook Ads,Digital,Facebook Ads - May-2026 - 03,16640000
CMP0000461,2026-05-18,2026-05-01,BR005,Facebook Ads,Digital,Facebook Ads - May-2026 - 01,12400000
CMP0000462,2026-05-09,2026-05-01,BR002,Facebook Ads,Digital,Facebook Ads - May-2026 - 04,13525000
CMP0000463,2026-05-11,2026-05-01,BR004,Event,Offline/Event,Event - May-2026 - 07,4345000
CMP0000464,2026-05-07,2026-05-01,BR003,Telemarketing,Outbound,Telemarketing - May-2026 - 07,4045000
CMP0000465,2026-05-22,2026-05-01,BR006,Telemarketing,Outbound,Telemarketing - May-2026 - 04,4930000
CMP0000466,2026-05-22,2026-05-01,BR005,Facebook Ads,Digital,Facebook Ads - May-2026 - 03,11450000
CMP0000467,2026-05-09,2026-05-01,BR001,Facebook Ads,Digital,Facebook Ads - May-2026 - 02,9530000
CMP0000468,2026-05-21,2026-05-01,BR007,Walk-in,Organic/Branch,Walk-in - May-2026 - 01,730000
CMP0000469,2026-05-05,2026-05-01,BR004,Event,Offline/Event,Event - May-2026 - 01,3820000
CMP0000470,2026-05-26,2026-05-01,BR005,Telemarketing,Outbound,Telemarketing - May-2026 - 08,6345000
CMP0000471,2026-05-21,2026-05-01,BR007,Event,Offline/Event,Event - May-2026 - 03,4990000
CMP0000472,2026-05-14,2026-05-01,BR004,Referral,Organic/Referral,Referral - May-2026 - 08,1965000
CMP0000473,2026-05-06,2026-05-01,BR002,Referral,Organic/Referral,Referral - May-2026 - 08,3040000
CMP0000474,2026-05-20,2026-05-01,BR001,Instagram Ads,Digital,Instagram Ads - May-2026 - 03,8070000
CMP0000475,2026-05-15,2026-05-01,BR002,WhatsApp,Digital,WhatsApp - May-2026 - 06,7945000
CMP0000476,2026-05-02,2026-05-01,BR002,WhatsApp,Digital,WhatsApp - May-2026 - 06,3710000
CMP0000477,2026-05-18,2026-05-01,BR006,Facebook Ads,Digital,Facebook Ads - May-2026 - 08,7155000
CMP0000478,2026-05-05,2026-05-01,BR002,Referral,Organic/Referral,Referral - May-2026 - 06,2790000
CMP0000479,2026-05-01,2026-05-01,BR001,Facebook Ads,Digital,Facebook Ads - May-2026 - 01,15580000
CMP0000480,2026-05-04,2026-05-01,BR003,Instagram Ads,Digital,Instagram Ads - May-2026 - 05,7220000
CMP0000481,2026-05-21,2026-05-01,BR003,Telemarketing,Outbound,Telemarketing - May-2026 - 09,3365000
CMP0000482,2026-05-05,2026-05-01,BR002,Referral,Organic/Referral,Referral - May-2026 - 03,3295000
CMP0000483,2026-05-10,2026-05-01,BR006,WhatsApp,Digital,WhatsApp - May-2026 - 09,5535000
CMP0000484,2026-05-04,2026-05-01,BR002,WhatsApp,Digital,WhatsApp - May-2026 - 09,7325000
CMP0000485,2026-05-11,2026-05-01,BR007,Walk-in,Organic/Branch,Walk-in - May-2026 - 08,1640000
CMP0000486,2026-05-17,2026-05-01,BR007,Instagram Ads,Digital,Instagram Ads - May-2026 - 01,9355000
CMP0000487,2026-05-01,2026-05-01,BR001,Event,Offline/Event,Event - May-2026 - 07,5515000
CMP0000488,2026-05-02,2026-05-01,BR003,WhatsApp,Digital,WhatsApp - May-2026 - 03,7245000
CMP0000489,2026-05-17,2026-05-01,BR004,Telemarketing,Outbound,Telemarketing - May-2026 - 03,5145000
CMP0000490,2026-05-28,2026-05-01,BR005,WhatsApp,Digital,WhatsApp - May-2026 - 01,7610000
CMP0000491,2026-06-24,2026-06-01,BR006,Referral,Organic/Referral,Referral - Jun-2026 - 04,2550000
CMP0000492,2026-06-25,2026-06-01,BR001,Referral,Organic/Referral,Referral - Jun-2026 - 05,3600000
CMP0000493,2026-06-27,2026-06-01,BR002,Referral,Organic/Referral,Referral - Jun-2026 - 07,1735000
CMP0000494,2026-06-02,2026-06-01,BR003,Instagram Ads,Digital,Instagram Ads - Jun-2026 - 08,5545000
CMP0000495,2026-06-26,2026-06-01,BR005,Telemarketing,Outbound,Telemarketing - Jun-2026 - 05,4700000
CMP0000496,2026-06-11,2026-06-01,BR001,Instagram Ads,Digital,Instagram Ads - Jun-2026 - 07,9955000
CMP0000497,2026-06-23,2026-06-01,BR002,Walk-in,Organic/Branch,Walk-in - Jun-2026 - 06,1870000
CMP0000498,2026-06-12,2026-06-01,BR003,WhatsApp,Digital,WhatsApp - Jun-2026 - 04,6230000
CMP0000499,2026-06-09,2026-06-01,BR005,Walk-in,Organic/Branch,Walk-in - Jun-2026 - 08,1830000
CMP0000500,2026-06-17,2026-06-01,BR002,Telemarketing,Outbound,Telemarketing - Jun-2026 - 03,5935000
CMP0000501,2026-06-14,2026-06-01,BR006,WhatsApp,Digital,WhatsApp - Jun-2026 - 02,9320000
CMP0000502,2026-06-27,2026-06-01,BR002,Facebook Ads,Digital,Facebook Ads - Jun-2026 - 02,18415000
CMP0000503,2026-06-09,2026-06-01,BR003,WhatsApp,Digital,WhatsApp - Jun-2026 - 05,9120000
CMP0000504,2026-06-16,2026-06-01,BR002,Facebook Ads,Digital,Facebook Ads - Jun-2026 - 04,19280000
CMP0000505,2026-06-03,2026-06-01,BR006,Event,Offline/Event,Event - Jun-2026 - 02,3655000
CMP0000506,2026-06-18,2026-06-01,BR006,Facebook Ads,Digital,Facebook Ads - Jun-2026 - 04,10165000
CMP0000507,2026-06-13,2026-06-01,BR005,Referral,Organic/Referral,Referral - Jun-2026 - 08,1490000
CMP0000508,2026-06-05,2026-06-01,BR002,Walk-in,Organic/Branch,Walk-in - Jun-2026 - 08,730000
CMP0000509,2026-06-24,2026-06-01,BR002,Telemarketing,Outbound,Telemarketing - Jun-2026 - 03,5895000
CMP0000510,2026-06-20,2026-06-01,BR002,Instagram Ads,Digital,Instagram Ads - Jun-2026 - 03,13200000
CMP0000511,2026-06-13,2026-06-01,BR006,Telemarketing,Outbound,Telemarketing - Jun-2026 - 06,5640000
CMP0000512,2026-06-22,2026-06-01,BR003,WhatsApp,Digital,WhatsApp - Jun-2026 - 06,8885000
CMP0000513,2026-06-13,2026-06-01,BR005,WhatsApp,Digital,WhatsApp - Jun-2026 - 05,4905000
CMP0000514,2026-06-17,2026-06-01,BR002,Facebook Ads,Digital,Facebook Ads - Jun-2026 - 04,7800000
CMP0000515,2026-06-02,2026-06-01,BR006,Instagram Ads,Digital,Instagram Ads - Jun-2026 - 08,11520000
CMP0000516,2026-06-04,2026-06-01,BR007,Walk-in,Organic/Branch,Walk-in - Jun-2026 - 02,1005000
CMP0000517,2026-06-03,2026-06-01,BR003,Event,Offline/Event,Event - Jun-2026 - 03,7185000
CMP0000518,2026-06-27,2026-06-01,BR007,Referral,Organic/Referral,Referral - Jun-2026 - 04,2930000
CMP0000519,2026-06-21,2026-06-01,BR003,Event,Offline/Event,Event - Jun-2026 - 04,4750000
CMP0000520,2026-06-21,2026-06-01,BR002,Referral,Organic/Referral,Referral - Jun-2026 - 04,3205000
CMP0000521,2026-06-23,2026-06-01,BR001,Referral,Organic/Referral,Referral - Jun-2026 - 01,2870000
CMP0000522,2026-06-18,2026-06-01,BR001,Facebook Ads,Digital,Facebook Ads - Jun-2026 - 06,9115000
CMP0000523,2026-06-24,2026-06-01,BR001,Referral,Organic/Referral,Referral - Jun-2026 - 01,3090000
CMP0000524,2026-06-16,2026-06-01,BR001,WhatsApp,Digital,WhatsApp - Jun-2026 - 08,4905000
CMP0000525,2026-06-10,2026-06-01,BR002,WhatsApp,Digital,WhatsApp - Jun-2026 - 03,4865000
CMP0000526,2026-06-08,2026-06-01,BR003,Facebook Ads,Digital,Facebook Ads - Jun-2026 - 01,12230000
CMP0000527,2026-06-13,2026-06-01,BR002,Facebook Ads,Digital,Facebook Ads - Jun-2026 - 07,8430000
CMP0000528,2026-06-27,2026-06-01,BR004,Event,Offline/Event,Event - Jun-2026 - 08,6995000
